import pandas as pd
import numpy as np
import ccxt
import pandas_ta as ta
from sklearn.ensemble import RandomForestClassifier
from sklearn.model_selection import GridSearchCV, train_test_split
from sklearn.metrics import classification_report, confusion_matrix
from imblearn.over_sampling import SMOTE

# جمع البيانات وتوليد الميزات
def get_ohlcv(exchange, symbol, timeframe, since):
    data = exchange.fetch_ohlcv(symbol, timeframe, since=since)
    df = pd.DataFrame(data, columns=['timestamp', 'open', 'high', 'low', 'close', 'volume'])
    df['timestamp'] = pd.to_datetime(df['timestamp'], unit='ms')
    df.set_index('timestamp', inplace=True)
    return df

def generate_features(df):
    df['rsi'] = ta.rsi(df['close'], length=14)
    df['sma'] = ta.sma(df['close'], length=50)
    df['ema'] = ta.ema(df['close'], length=50)
    df['macd'], df['macd_signal'], df['macd_hist'] = ta.macd(df['close'], fast=12, slow=26, signal=9)
    df['bb_upper'], df['bb_middle'], df['bb_lower'] = ta.bbands(df['close'], length=20, std=2)
    df['adx'] = ta.adx(df['high'], df['low'], df['close'], length=14)
    df['stoch_k'], df['stoch_d'] = ta.stoch(df['high'], df['low'], df['close'], length=14, signal=3)
    df['atr'] = ta.atr(df['high'], df['low'], df['close'], length=14)
    df['cci'] = ta.cci(df['high'], df['low'], df['close'], length=20)
    df.dropna(inplace=True)
    return df
